_id,name,scrap_key,table,table_list[0],table_list[1],table_list[2],mongo_list[0],updateTime
6785e031f1afc7537e78e9c4,TikTok 标签下的帖子,keyword,ScrapingTiktokByKeywordsFromBD,ScrapingTiktokByKeywordsFromBD,,,"[{    ""$match"": {        ""result.keyword"": {""$in"": {{keywords}}}    }},    {        ""$project"": {            ""_id"": 0,            ""keyword"": ""$result.keyword"",            ""post_id"": ""$result.post_id"",            ""video_description"": ""$result.description"",            ""video_createTime"": ""$result.create_time"",            ""video_diggCount"": ""$result.digg_count"",            ""video_shareCount"": ""$result.share_count"",            ""video_commentCount"": ""$result.comment_count"",            ""video_playCount"": ""$result.play_count"",            ""video_collectCount"": ""$result.collect_count"",            ""video_duration"": ""$result.video_duration"",            ""original_sound"": ""$result.original_sound"",            ""uniqueId"": ""$result.profile_username"",            ""profile_id"": ""$result.profile_id"",            ""profile_username"": ""$result.profile_username"",            ""profile_url"": ""$result.profile_url"",            ""hashtags"": ""$result.hashtags""        }    }\n]",1712111868176
6785e031f1afc7537e78e9c5,Youtube 关键词下的视频,keyword,ScrapingYoutubeVideosByKeywordsV001,ScrapingYoutubeVideosByKeywordsV001,ScrapingYoutubeChannelAboutByChannelUrl,ScrapingYoutubeVideoDetailsByVideoId,"[{""$match"":{""result.keyword"":{""$in"":{{keywords}}}}},{""$project"":{""videoId"":""$result.videoId"",""keyword"":""$result.keyword"",""video_cover"":""$result.video_cover"",""video_title"":""$result.video_title"",""video_url"":""$result.video_url"",""channel_icon"":""$result.channel_icon"",""channel_name"":""$result.channel_name"",""channel_url"":{""$concat"":[""https://www.youtube.com"",""$result.channel_url""]},""_id"":0}},{""$lookup"":{""from"":""ScrapingYoutubeChannelAboutByChannelUrl"",""let"":{""ownerUrls"":""$channel_url""},""pipeline"":[{""$match"":{""$expr"":{""$eq"":[""$result.ownerUrls"",""$$ownerUrls""]}}},{""$project"":{""_id"":0,""links"":""$result.links"",""channel_id"":""$result.channel_id"",""channel_about"":""$result.channel_about"",""title"":""$result.title"",""rssUrl"":""$result.rssUrl"",""keywords"":{""$cond"":[{""$eq"":[""$result.keywords"",""""]},""-"",""$result.keywords""]},""channel_url"":""$result.channel_url"",""avatar"":""$result.avatar"",""subscriber"":""$result.subscriber""}}],""as"":""channel_info""}},{""$unwind"":{""path"":""$channel_info"",""preserveNullAndEmptyArrays"":true}},{""$lookup"":{""from"":""ScrapingYoutubeVideoDetailsByVideoId"",""let"":{""videoID"":""$videoId""},""pipeline"":[{""$match"":{""$expr"":{""$eq"":[""$result.videoID"",""$$videoID""]}}},{""$project"":{""_id"":0,""lengthSeconds"":""$result.lengthSeconds"",""keywords"":""$result.keywords"",""channel_id"":""$result.channel_id"",""viewCount"":{""$cond"":{""if"":{""$eq"":[""$result.viewCount"",""""]},""then"":0,""else"":{""$cond"":{""if"":{""$eq"":[""$result.viewCount"",""No views""]},""then"":0,""else"":{""toLong"":{""$reduce"":{""input"":{""$split"":[{""$arrayElemAt"":[{""$split"":[""$result.viewCount"","" ""]},0]},"",""]},""initialValue"":"""",""in"":{""$concat"":[""$$value"",""$$this""]}}}}}}}},""author"":""$result.author"",""description"":{""$cond"":[{""$eq"":[""$result.description"",""""]},""-"",""$result.description""]},""category"":""$result.category"",""publishDate"":""$result.publishDate""}}],""as"":""video_info""}},{""$unwind"":{""path"":""$video_info"",""preserveNullAndEmptyArrays"":true}},{""$addFields"":{""viewCount"":{""$ifNull"":[""$video_info.viewCount"",""-""]},""publishDate"":""$video_info.publishDate"",""lengthSeconds"":{""$ifNull"":[""$video_info.lengthSeconds"",""-""]},""keywords"":{""$ifNull"":[""$channel_info.keywords"",""-""]},""channel_id"":""$channel_info.channel_id"",""author"":""$video_info.author"",""description"":{""$ifNull"":[""$video_info.description"",""-""]},""category"":""$video_info.category"",""links"":""$channel_info.links"",""channel_about"":{""$ifNull"":[""$channel_info.channel_about"",""-""]},""title"":""$channel_info.title"",""rssUrl"":""$channel_info.rssUrl"",""channel_url"":""$channel_info.channel_url"",""avatar"":""$channel_info.avatar"",""subscriber"":""$channel_info.subscriber""}},{""$unset"":[""video_info"",""channel_info""]}]",1720513171959
6785e031f1afc7537e78e9c6,卖家精灵的卖家销售额数据,seller,ScrapingMjjlDispatcherBySeller,ScrapingMjjlList,ScrapingMjjlDispatcherBySeller,,"[\r\n    {""$match"": {""result.brand"": {""$in"": {{keywords}}}}},\r\n    {\r\n        ""$project"": {\r\n            ""_id"": 0,\r\n            ""brand"": ""$result.brand""\r\n        }\r\n    },\r\n    {\r\n        ""$lookup"": {\r\n            ""from"": ""ScrapingMjjlList"",\r\n            ""localField"": ""brand"",\r\n            ""foreignField"": ""result.brand"",\r\n            ""as"": ""mjjl_info""\r\n        }\r\n    },\r\n    {\r\n        ""$unwind"": {\r\n            ""path"": ""$mjjl_info"",\r\n            ""preserveNullAndEmptyArrays"": False\r\n        }\r\n    },\r\n    {\r\n        ""$addFields"": {\r\n            ""pasin"": ""$mjjl_info.result.pasin"",\r\n            ""sales"": ""$mjjl_info.result.sales"",\r\n            ""keyword"": ""$mjjl_info.result.keyword"",\r\n            ""date"": ""$mjjl_info.result.month""\r\n        }\r\n    },\r\n    {\r\n        ""$unset"": [\r\n            ""mjjl_info""\r\n        ]\r\n    },\r\n    {\r\n        ""$group"": {\r\n            ""_id"": {\r\n                ""pasin"": ""$pasin"",\r\n                ""date"": ""$date""\r\n            },\r\n            ""avgSales"": {\r\n                ""$avg"": ""$sales""\r\n            }\r\n        }\r\n    },\r\n    {\r\n        ""$group"": {\r\n            ""_id"": None,\r\n            ""Annual_Sales"": {\r\n                ""$sum"": ""$avgSales""\r\n            }\r\n        }\r\n    },\r\n    {\r\n        ""$project"": {\r\n            ""_id"": 0,\r\n            ""Annual_Sales"": 1\r\n        }\r\n    }\r\n\r\n]",1712114362621
6785e031f1afc7537e78e9c7,Twitter 关键词下的帖子,keyword,ScrapingTwitterPostsByTags,ScrapingTwitterPostsByTags,,,"[\n  {\n    ""$match"": {""result.tag"": {""$in"": {{keywords}}}}\n  },\n  {\n    ""$project"": {\n      ""_id"": 0,\n      ""snapshot_id"": ""$result.snapshot_id"",\n      ""bright"": ""$result.binfo"",\n      ""tag"":""$result.tag"",\n      ""post_created"":""$result.created_at"",\n      ""post_text"": ""$result.text"",\n      ""post_url"":{""$concat"":[""https://twitter.com/i/web/status/"",""$result.id_str""]},\n      ""post_expanded_url"":""$result.post_expanded_url"",\n      ""post_retweet_count"": ""$result.retweet_count"",\n      ""post_favorite_count"": ""$result.favorite_count"",\n      ""user_id"": ""$result.user_id_str"",\n      ""user_name"": ""$result.name"",\n      ""user_item_all"": ""$result.user_item_all"",\n      ""user_location"": ""$result.location"",\n      ""user_description"": ""$result.description"",\n      ""user_url"": ""$result.user_url"",\n      ""user_expanded_url"": ""$result.user_expanded_url"",\n      ""user_followers_count"": ""$result.followers_count"",\n      ""user_fast_followers_count"": ""$result.fast_followers_count"",\n      ""user_normal_followers_count"": ""$result.normal_followers_count"",\n      ""user_friends_count"": ""$result.friends_count"",\n      ""user_listed_count"": ""$result.listed_count"",\n      ""user_created_at"": {\n        ""$cond"": {\n            ""if"": {""$eq"": [""$result.user_created_at"", ""None""]},\n            ""then"": ""$result.user_created_at"",\n            ""else"": {\n                ""$dateToString"": {\n                    ""format"": ""%Y-%m-%d %H:%M:%S"",\n                    ""date"": {""$dateFromString"": {""dateString"": ""$result.user_created_at""}}\n                    }\n                }\n            }\n        },\n      ""user_favourites_count"": ""$result.favourites_count"",\n      ""user_statuses_count"": ""$result.statuses_count"",\n      ""user_media_count"": ""$result.media_count"",\n      ""user_profile_image_url_https"": ""$result.profile_image_url_https""\n    }\n  }\n]",1712115146802
6785e031f1afc7537e78e9c8,卖家精灵的品牌销售额数据,brand,ScrapingMjjlDispatcherByBrand,ScrapingMjjlDispatcherByBrand,ScrapingMjjlList,,"[\r\n    {""$match"": {""result.brand"": {""$in"": {{keywords}}}}},\r\n    {\r\n        ""$project"": {\r\n            ""_id"": 0,\r\n            ""brand"": ""$result.brand""\r\n        }\r\n    },\r\n    {\r\n        ""$lookup"": {\r\n            ""from"": ""ScrapingMjjlList"",\r\n            ""localField"": ""brand"",\r\n            ""foreignField"": ""result.brand"",\r\n            ""as"": ""mjjl_info""\r\n        }\r\n    },\r\n    {\r\n        ""$unwind"": {\r\n            ""path"": ""$mjjl_info"",\r\n            ""preserveNullAndEmptyArrays"": False\r\n        }\r\n    },\r\n    {\r\n        ""$addFields"": {\r\n            ""pasin"": ""$mjjl_info.result.pasin"",\r\n            ""sales"": ""$mjjl_info.result.sales"",\r\n            ""keyword"": ""$mjjl_info.result.keyword"",\r\n            ""date"": ""$mjjl_info.result.month""\r\n        }\r\n    },\r\n    {\r\n        ""$unset"": [\r\n            ""mjjl_info""\r\n        ]\r\n    },\r\n    {\r\n        ""$group"": {\r\n            ""_id"": {\r\n                ""pasin"": ""$pasin"",\r\n                ""date"": ""$date""\r\n            },\r\n            ""avgSales"": {\r\n                ""$avg"": ""$sales""\r\n            }\r\n        }\r\n    },\r\n    {\r\n        ""$group"": {\r\n            ""_id"": None,\r\n            ""Annual_Sales"": {\r\n                ""$sum"": ""$avgSales""\r\n            }\r\n        }\r\n    },\r\n    {\r\n        ""$project"": {\r\n            ""_id"": 0,\r\n            ""Annual_Sales"": 1\r\n        }\r\n    }\r\n\r\n]",1719298513103
6785e031f1afc7537e78e9c9,Instagram 标签下的帖子,tags,ScrapingInstagramPostsFromTagsSearch,ScrapingInstagramPostsFromTagsSearch,ScrapingInstagramPostDetailsByShortcode,ScrapingInstagramProfileByUsername,"[\r\n        {""$match"": {""result.tag_name"": {""$in"": keywords}}},\r\n        {\r\n            ""$project"": {\r\n                ""tag"": ""$result.tag_name"",\r\n                ""shortcode"": ""$result.post.shortcode""\r\n            }\r\n        },\r\n        {""$unset"": ""_id""},\r\n        {\r\n            ""$lookup"": {\r\n                ""from"": ""ScrapingInstagramPostDetailsByShortcode"",\r\n                ""localField"": ""shortcode"",\r\n                ""foreignField"": ""result.shortcode"",\r\n                ""as"": ""post""\r\n            }\r\n        },\r\n        {\r\n            ""$unwind"": {\r\n                ""path"": ""$post"",\r\n                ""preserveNullAndEmptyArrays"": True\r\n            }\r\n        },\r\n        {\r\n            ""$addFields"": {\r\n                ""post_id"": ""$post.result.post_id"",\r\n                ""url"": ""$post.result.url"",\r\n                ""profile_url"": ""$post.result.profile_url"",\r\n                ""thumbnail"": ""$post.result.thumbnail"",\r\n                ""caption"": ""$post.result.caption"",\r\n                ""owner"": ""$post.result.owner"",\r\n                ""display_url"": ""$post.result.display_url"",\r\n                ""likes_count"": ""$post.result.likes_count"",\r\n                ""comments_count"": ""$post.result.comments_count"",\r\n                ""published_time"": {\r\n                    ""$dateToString"": {\r\n                        ""format"": ""%Y-%m-%d %H:%M:%S"",\r\n                        ""date"": {\r\n                            ""$add"": {\r\n                                ""$dateFromString"": {\r\n                                    ""dateString"": ""$post.result.published_time""\r\n                                }\r\n                            }\r\n                        }\r\n                    }\r\n                },\r\n                ""is_video"": ""$post.result.is_video"",\r\n                ""video_view_count"": ""$post.result.video_view_count"",\r\n                ""content_type"": ""$post.result.content_type"",\r\n                ""username"": ""$post.result.user_posted"",\r\n                ""tagged_users"": {\r\n                    ""$map"": {\r\n                        ""input"": ""$post.result.tagged_users"",\r\n                        ""as"": ""tagged_user"",\r\n                        ""in"": {""$concat"": [""https://instagram.com/"", ""$$tagged_user.username""]}\r\n                    }\r\n                },\r\n                ""comments"": {\r\n                    ""$map"": {\r\n                        ""input"": ""$post.result.comments"",\r\n                        ""as"": ""comment"",\r\n                        ""in"": ""$$comment.text""\r\n                    }\r\n                },\r\n                ""is_ad"": ""$post.result.is_ad"",\r\n            }\r\n        },\r\n        {""$unset"": ""post""},\r\n        {\r\n            ""$lookup"": {\r\n                ""from"": ""ScrapingInstagramProfileByUsername"",\r\n                ""localField"": ""username"",\r\n                ""foreignField"": ""result.username_old"",\r\n                ""as"": ""user""\r\n            }\r\n        },\r\n        {\r\n            ""$unwind"": {\r\n                ""path"": ""$user"",\r\n                ""preserveNullAndEmptyArrays"": True\r\n            }\r\n        },\r\n        {\r\n            ""$addFields"": {\r\n                ""user_full_name"": {""$ifNull"": [""$user.result.full_name"", ""-""]},\r\n                ""user_profile_pic"": {""$ifNull"": [""$user.result.profile_pic"", ""-""]},\r\n                ""user_biography"": {""$ifNull"": [""$user.result.biography"", ""-""]},\r\n                ""user_external_url"": {""$ifNull"": [""$user.result.external_url"", ""-""]},\r\n                ""user_posts_count"": {""$ifNull"": [""$user.result.posts_count"", ""-""]},\r\n                ""user_videos_count"": {""$ifNull"": [""$user.result.videos_count"", ""-""]},\r\n                ""user_followed_count"": {""$ifNull"": [""$user.result.followed_count"", ""-""]},\r\n                ""user_following_count"": {""$ifNull"": [""$user.result.following_count"", ""-""]},\r\n                ""user_is_verified"": {""$ifNull"": [""$user.result.is_verified"", ""-""]},\r\n                ""user_is_professional_account"": {""$ifNull"": [""$user.result.is_professional_account"", ""-""]},\r\n                ""user_category_name"": {""$ifNull"": [""$user.result.category_name"", ""-""]}\r\n            }\r\n        },\r\n        {""$unset"": ""user""},\r\n        {\r\n            ""$sort"": {\r\n                ""likes_count"": -1,\r\n                ""comments_count"": -1,\r\n                ""user_followed_count"": -1\r\n            }\r\n        }\r\n    ]",1712116105720
6785e031f1afc7537e78e9ca,卖家精灵的关键词销售额数据,keyword,ScrapingMjjlDispatcherByKeyword,ScrapingMjjlList,ScrapingMjjlDispatcherByKeyword,,"[\r\n    {""$match"": {""result.keyword"": {""$in"": {{keywords}}}}},\r\n\r\n    {\r\n        ""$project"": {\r\n            ""_id"": 0,\r\n            ""keyword"": ""$result.keyword"",\r\n            ""group_url"": ""$result.group_url"",\r\n            ""post_url"": ""$result.post_url""\r\n        }\r\n    },\r\n    {\r\n        ""$lookup"": {\r\n            ""from"": ""ScrapingRedditByGroupURL_api"",\r\n            ""localField"": ""group_url"",\r\n            ""foreignField"": ""result.group_url"",\r\n            ""as"": ""group_info""\r\n        }\r\n    },\r\n    {\r\n        ""$unwind"": {\r\n            ""path"": ""$group_info"",\r\n            ""preserveNullAndEmptyArrays"": False\r\n        }\r\n    },\r\n    {\r\n        ""$addFields"": {\r\n            ""group_display_name"": ""$group_info.result.display_name"",\r\n            ""group_description"": ""$group_info.result.description"",\r\n            ""group_subscribers"": ""$group_info.result.subscribers"",\r\n            ""group_active"": ""$group_info.result.active"",\r\n            ""group_router_name"": ""$group_info.result.router_name""\r\n        }\r\n    },\r\n    {\r\n        ""$lookup"": {\r\n            ""from"": ""ScrapingRedditByPostURL_api"",\r\n            ""localField"": ""post_url"",\r\n            ""foreignField"": ""result.post_url"",\r\n            ""as"": ""post_info""\r\n        }\r\n    },\r\n    {\r\n        ""$unwind"": {\r\n            ""path"": ""$post_info"",\r\n            ""preserveNullAndEmptyArrays"": False\r\n        }\r\n    },\r\n    {\r\n        ""$addFields"": {\r\n            ""post_display_name"": ""$post_info.result.display_name"",\r\n            ""post_description"": ""$post_info.result.description"",\r\n            ""post_subscribers"": ""$post_info.result.subscribers"",\r\n            ""post_active"": ""$post_info.result.active"",\r\n            ""post_router_name"": ""$post_info.result.router_name"",\r\n            ""post_percentage"": ""$post_info.result.percentage""\r\n        }\r\n    },\r\n    {\r\n        ""$unset"": [\r\n            ""group_info"",\r\n            ""post_info""\r\n        ]\r\n    }\r\n\r\n]\r\n",1712116162027
6785e031f1afc7537e78e9cb,semrush中的外链数据抓取,keyword,BackLink,BackLink,BackLinkToDify,,"[\n    {""$match"": {""result.keyword"": {""$in"": {{keywords}}}}},\n  {\n  ""$project"": {\n  ""_id"": 0,\n  ""keyword"": ""$result.keyword"",\n  ""page_ascore"": ""$result.page_ascore"",\n  ""source_title"": ""$result.source_title"",\n  ""source_url"": ""$result.source_url"",\n  ""target_url"": ""$result.target_url"",\n  ""base_domain"": ""$result.base_domain"",\n  ""external_link_num"": ""$result.external_link_num"",\n  ""internal_link_num"": ""$result.internal_link_num"",\n  ""first_seen"": {\n  ""$dateToString"": {\n  ""format"": ""%Y-%m-%d"",\n  ""date"": {\n  ""$toDate"": {\n  ""$multiply"": [\n  1000,\n  ""$result.first_seen""]\n}\n}\n}\n},\n""last_seen"": {\n  ""$dateToString"": {\n    ""format"": ""%Y-%m-%d"",\n    ""date"": {\n      ""$toDate"": {\n        ""$multiply"": [\n          1000,\n          ""$result.last_seen""]\n      }\n    }\n  }\n}\n}\n},\n{\n  ""$unset"": ""_id""\n},\n{\n  ""$lookup"": {\n    ""from"": ""BackLinkToDify"",\n    ""localField"": ""base_domain"",\n    ""foreignField"": ""result.base_domain"",\n    ""as"": ""info""\n  }\n},\n{\n  ""$match"": {\n    ""info"": {\n      ""$ne"": [\n      ]\n    }\n  }\n},\n{\n  ""$addFields"": {\n    ""info"": {\n      ""$arrayElemAt"": [\n        {\n          ""$filter"": {\n            ""input"": ""$info"",\n            ""cond"": {\n              ""$and"": [\n                {\n                  ""$eq"": [\n                    ""$$this.result.base_domain"",\n                    ""$base_domain""] \n                },\n                {\n                  ""$eq"": [\n                    ""$$this.result.page"",\n                    {\n                      ""$min"": ""$info.result.page"" \n                    }] \n                }\n              ]\n            }\n          }\n        },\n        0\n      ]\n    }\n  }\n},\n{\n  ""$addFields"": {\n    ""title"": ""$info.result.title"",\n    ""description"": ""$info.result.description"",\n    ""category"": ""$info.result.category"",\n    ""theme"": ""$info.result.theme"",\n    ""users"": ""$info.result.users"",\n    ""mandarin"": ""$info.result.mandarin"",\n    ""anchor"": ""$info.result.anchor"",\n    ""min_count"": ""$info.result.count""\n  }\n},\n{\n  ""$unset"": ""info""\n},\n{\n  ""$sort"": {\n    ""page_ascore"": -1\n  }\n}\n]",1712457300210
6785e031f1afc7537e78e9cc,Reddit 关键词下的帖子,keyword,ScrapingRedditByKeyword_api,ScrapingRedditByKeyword_api,ScrapingRedditByPostURL_api,ScrapingRedditByGroupURL_api,"[\r\n    {""$match"": {""result.keyword"": {""$in"": {{keywords}}}}},\r\n    {\r\n        ""$project"": {\r\n            ""_id"": 0,\r\n            ""keyword"": ""$result.keyword"",\r\n            ""group_url"": ""$result.group_url"",\r\n            ""post_url"": ""$result.post_url""\r\n        }\r\n    },\r\n    {\r\n        ""$lookup"": {\r\n            ""from"": ""ScrapingRedditByGroupURL_api"",\r\n            ""localField"": ""group_url"",\r\n            ""foreignField"": ""result.group_url"",\r\n            ""as"": ""group_info""\r\n        }\r\n    },\r\n    {\r\n        ""$unwind"": {\r\n            ""path"": ""$group_info"",\r\n            ""preserveNullAndEmptyArrays"": False\r\n        }\r\n    },\r\n    {\r\n        ""$addFields"": {\r\n            ""group_display_name"": ""$group_info.result.display_name"",\r\n            ""group_description"": ""$group_info.result.description"",\r\n            ""group_subscribers"": ""$group_info.result.subscribers"",\r\n            ""group_active"": ""$group_info.result.active"",\r\n            ""group_router_name"": ""$group_info.result.router_name""\r\n        }\r\n    },\r\n    {\r\n        ""$lookup"": {\r\n            ""from"": ""ScrapingRedditByPostURL_api"",\r\n            ""localField"": ""post_url"",\r\n            ""foreignField"": ""result.post_url"",\r\n            ""as"": ""post_info""\r\n        }\r\n    },\r\n    {\r\n        ""$unwind"": {\r\n            ""path"": ""$post_info"",\r\n            ""preserveNullAndEmptyArrays"": False\r\n        }\r\n    },\r\n    {\r\n        ""$addFields"": {\r\n            ""post_display_name"": ""$post_info.result.display_name"",\r\n            ""post_percentage"": ""$post_info.result.percentage"",\r\n            ""paragraphs"": ""$post_info.result.paragraphs"",\r\n            ""title"": ""$post_info.result.title"",\r\n            ""likes"": ""$post_info.result.score"",\r\n            ""comment_count"": ""$post_info.result.comment_count"",\r\n            ""author"": ""$post_info.result.author"",\r\n            ""created_timestamp"": ""$post_info.result.created_timestamp"",\r\n        }\r\n    },\r\n    {\r\n        ""$unset"": [\r\n            ""group_info"",\r\n            ""post_info""\r\n        ]\r\n    }\r\n]",1712137742746
6785e031f1afc7537e78e9cd,Facebook Ads 主页下的广告,url,ScrapingFacebookUserDetailByBright,ScrapingFacebookUserDetailByBright,ScrapingFacebookAdsByPageId,,"[\n    {\n        ""$match"": {""result.url"": {""$in"":{{keywords}}}}\n    },\n    {\n    	""$project"":{\n			""_id"": 0,\n			""url"":""$result.url"",\n			""page_id"":""$result.page_id""\n    	}\n    },\n    {\n		""$lookup"": {\n			""localField"": ""page_id"",\n			""from"": ""ScrapingFacebookAdsByPageId"",\n			""foreignField"": ""result.PageId"",\n			""as"": ""b""\n		}\n    },\n    {\n      ""$unwind"": {\n        ""path"": ""$b"",\n        ""preserveNullAndEmptyArrays"": true\n      }\n    },\n    {\n        ""$addFields"":{\n            ""title"":""$b.result.title"",\n            ""text"":""$b.result.text"",\n            ""original_image_url"":""$b.result.original_image_url"",\n            ""video_preview_image_url"":""$b.result.video_preview_image_url"",\n            ""adArchiveID"":""$b.result.adArchiveID"",\n            ""isActive"":""$b.result.isActive"",\n            ""isAAAEligible"":""$b.result.isAAAEligible"",\n            ""pageIsDeleted"":""$b.result.pageIsDeleted"",\n            ""pageName"":""$b.result.pageName"",\n            ""isProfilePage"":""$b.result.isProfilePage"",\n            ""collationCount"":""$b.result.collationCount"",\n            ""display_format"":""$b.result.display_format"",\n            ""publisherPlatform"":""$b.result.publisherPlatform"",\n            ""startDate"":{\n                ""$dateToString"":{\n                    ""format"": ""%Y-%m-%d"",\n                    ""date"":{\n                        ""$toDate"":{\n                            ""$multiply"":[\n                                {\n                                    ""$toLong"": ""$b.result.startDate""\n                                },\n                                1000\n                                ]\n                        }\n                    }\n                }\n            },\n            ""endDate"":{\n                ""$dateToString"":{\n                    ""format"": ""%Y-%m-%d"",\n                    ""date"":{\n                        ""$toDate"":{\n                            ""$multiply"":[\n                                {\n                                    ""$toLong"": ""$b.result.endDate""\n                                },\n                                1000\n                            ]\n                        }\n                    }\n                }\n            },\n            ""link_url"":""$b.result.link_url""\n        }\n    },\n    {""$unset"":""b""}\n]",1712545834216
6785e031f1afc7537e78e9ce,[手动]fb群组人群帖子活跃度,keywords,ScrapingFacebookGroupsByGoogleUrl,ScrapingFacebookGroupsByGoogleUrl,ScrapingGoogleIndexFaceBook,ScrapingFacebookGroupDetailByBright,"[\n        {""$match"": {""result.keywords"": {""$in"": {{keywords}}}}},\n        {\n            ""$project"": {\n                ""_id"": 0,\n                ""keywords"": ""$result.keywords"",\n                ""url"": ""$result.url""\n            }\n        },\n        {\n            ""$lookup"": {\n                ""from"": ""ScrapingGoogleIndexFaceBook"",\n                ""localField"": ""url"",\n                ""foreignField"": ""result.tag"",\n                ""as"": ""info""\n            }\n        },\n        {\n            ""$unwind"": {\n                ""path"": ""$info"",\n                ""preserveNullAndEmptyArrays"": false\n            }\n        },\n        {\n            ""$addFields"": {\n                ""google_index"": ""$info.result.google_index""\n            }\n        },\n        {\n            ""$lookup"": {\n                ""from"": ""ScrapingFacebookGroupDetailByBright"",\n                ""localField"": ""url"",\n                ""foreignField"": ""result.url"",\n                ""as"": ""user""\n            }\n        },\n        {\n            ""$unwind"": {\n                ""path"": ""$user"",\n                ""preserveNullAndEmptyArrays"": false\n            }\n        },\n        {\n            ""$addFields"": {\n                ""sub_count"": ""$user.result.data.sub_count""\n            }\n        },\n        {""$unset"": ""info""},\n        {""$unset"": ""user""}\n    ]",1716363206792
6785e031f1afc7537e78e9cf,[手动]网站论坛人群帖子活跃度,keywords,ScrapingGoogleIndexTemp,ScrapingGoogleIndexTemp,ScrapingWebSiteInfoVisit,,"[\n    {""$match"": {""result.tag"": {""$in"": {{keywords}}}}},\n    {\n        ""$project"":{\n            ""_id"":0,\n            ""tag"": ""$result.tag"",\n            ""url"":""$result.url"",\n            ""google_index"":""$result.google_index""\n        }\n    },\n    {""$unset"":""_id""},\n    {\n        ""$lookup"": {\n            ""from"": ""ScrapingWebSiteInfoVisit"",\n            ""localField"": ""url"",\n            ""foreignField"": ""result.url"",\n            ""as"": ""info""\n        }\n    },\n    {\n    ""$unwind"": {\n      ""path"": ""$info"",\n      ""preserveNullAndEmptyArrays"": false\n        }\n    },\n    {\n        ""$addFields"":{\n            ""daily_visits"":""$info.result.daily_visits""\n        }\n    },\n    {""$unset"":""info""}\n]\n",1716363600129
6785e031f1afc7537e78e9d0,Reddit某群组的所有帖子,keyword,ScrapingRedditAllPostByKeyword_api,ScrapingRedditAllPostByKeyword_api,,,"[\r\n    {""$match"": {""result.keyword"": {""$in"": {{keywords}}}}},\r\n    {\r\n        ""$project"" : {\r\n            ""_id"": 0,\r\n            ""keyword"" : ""$result.keyword"",\r\n            ""post_title"" : ""$result.post_title"",\r\n            ""post_body"" : ""$result.post_body"",\r\n            ""author_username"" : ""$result.author_username"",\r\n            ""post_url"" : ""$result.post_url"",\r\n            ""created_timestamp"": {\r\n                ""$dateToString"": {\r\n                    ""format"": ""%Y-%m-%d %H:%M:%S"",\r\n                    ""date"": {\r\n                        ""$dateFromString"": {\r\n                            ""dateString"": ""$result.created_timestamp"",\r\n                            ""timezone"": ""+00:00""\r\n                        }\r\n                    }\r\n                }\r\n            },\r\n            ""post_score"" : ""$result.post_score"",\r\n            ""comment_count"" : ""$result.comment_count""\r\n        }\r\n    }\r\n]",1719298624723
681b1009532ffb9e1dddb356,卖家精灵的类目销售额数据,nodeIdPath,ScrapingMjjlDispatcherBynodeIdPath,ScrapingMjjlDispatcherBynodeIdPath,ScrapingMjjlList,,,1746604041442
682194bb532ffb9e1ddde207,Amazon列表所有产品及评论,keywords,ScrapingAmazonListByKeywords,ScrapingAmazonListByKeywords,ScrapingAmazonReviewByAsin,,"[\r\n    {""$match"": {""result.keywords"": {""$in"": {{keywords}}}}},\r\n\r\n    {\r\n        ""$project"": {\r\n            ""_id"": 0,\r\n            ""keyword"": ""$result.keywords"",\r\n            ""asin"": ""$result.asin"",\r\n            ""avg_rating"": ""$result.rating"",\r\n            ""price"": ""$result.price"",\r\n            ""list_price"": ""$result.list_price"",\r\n            ""product_link"": ""$result.product_link""\r\n        }\r\n    },\r\n    {\r\n        ""$lookup"": {\r\n            ""from"": ""ScrapingAmazonReviewByAsin"",\r\n            ""localField"": ""asin"",\r\n            ""foreignField"": ""result.asin"",\r\n            ""as"": ""info""\r\n        }\r\n    },\r\n    {\r\n        ""$unwind"": {\r\n            ""path"": ""$info"",\r\n            ""preserveNullAndEmptyArrays"": False\r\n        }\r\n    },\r\n    {\r\n        ""$addFields"": {\r\n            ""rating"": ""$info.result.rating"",\r\n            ""review_header"": ""$info.result.review_header"",\r\n            ""review_text"": ""$info.result.review_text"",\r\n            ""brand"": ""$info.result.brand"",\r\n            ""review_posted_date"": ""$info.result.review_posted_date"",\r\n            ""review_country"": ""$info.result.review_country""\r\n        }\r\n    },\r\n    {\r\n        ""$unset"": ""info""\r\n    }\r\n]",1747031227971
68ecac301f34ca29b46427a8,【全案咨询】分词任务,keyword,ScrapingHandlerArticlesUrl,,,,,
68f5e770a7a50540d549f677,Instagram 标签下的帖子_补充,tags,ScrapingInstagramPostsFromTagsSearchByAccount,ScrapingInstagramPostsFromTagsSearchByAccount,ScrapingInstagramPostDetailsByShortcode,ScrapingInstagramProfileByUsername,,
68f9fc09e2303f1eec0fa7dc,Pinterest 博主的所有帖子,keyword,ScrapingPinterestProfilePosts,ScrapingPinterestProfilePosts,,,"[\r\n    {""$match"": {""result.keyword"": {""$in"": {{keywords}}}}},\r\n    {\r\n        ""$project"": {\r\n            ""_id"": 0,\r\n            ""url"": ""$result.url"",\r\n            ""post_id"": ""$result.post_id"",\r\n            ""title"": ""$result.title"",\r\n            ""content"": ""$result.content"",\r\n            ""date_posted"": {\r\n                ""$cond"": {\r\n                    ""if"": {\r\n                        ""$or"": [\r\n                            {""$eq"": [""$result.date_posted"", null]},\r\n                            {""$eq"": [""$result.date_posted"", """"]}\r\n                        ]\r\n                    },\r\n                    ""then"": null,\r\n                    ""else"": {\r\n                        ""$dateToString"": {\r\n                            ""format"": ""%Y-%m-%d %H:%M:%S"",\r\n                            ""date"": {""$toDate"": ""$result.date_posted""}\r\n                        }\r\n                    }\r\n                }\r\n            },\r\n            ""user_name"": ""$result.user_name"",\r\n            ""user_url"": ""$result.user_url"",\r\n            ""user_id"": ""$result.user_id"",\r\n            ""followers"": ""$result.followers"",\r\n            ""likes"": ""$result.likes"",\r\n            ""attached_files"": ""$result.attached_files"",\r\n            ""image_video_url"": ""$result.image_video_url"",\r\n            ""video_length"": ""$result.video_length"",\r\n            ""hashtags"": {\r\n                ""$reduce"": {\r\n                    ""input"": ""$result.hashtags"",\r\n                    ""initialValue"": """",\r\n                    ""in"": {\r\n                        ""$concat"": [\r\n                            ""$$value"",\r\n                            {""$cond"": [{""$eq"": [""$$value"", """"]}, """", "" ""]},\r\n                            ""#"",\r\n                            ""$$this""\r\n                        ]\r\n                    }\r\n                }\r\n            },\r\n            ""post_type"": ""$result.post_type"",\r\n            ""comments_num"": ""$result.comments_num"",\r\n            ""input_url"": ""$result.input.url"",\r\n            ""discovery_url"": ""$result.discovery_input.url"",\r\n            ""timestamp"": {\r\n                ""$cond"": {\r\n                    ""if"": {\r\n                        ""$or"": [\r\n                            {""$eq"": [""$result.timestamp"", null]},\r\n                            {""$eq"": [""$result.timestamp"", """"]}\r\n                        ]\r\n                    },\r\n                    ""then"": null,\r\n                    ""else"": {\r\n                        ""$dateToString"": {\r\n                            ""format"": ""%Y-%m-%d %H:%M:%S"",\r\n                            ""date"": {""$toDate"": ""$result.timestamp""}\r\n                        }\r\n                    }\r\n                }\r\n            }\r\n        }\r\n    }\r\n]",
68faf22ffddcf66cd442e713,Pinterest 关键词的所有帖子,keyword,ScrapingPinterestPostByKeywords,ScrapingPinterestPostByKeywords,,,"[\r\n    {\r\n        ""$match"": {""result.keyword"": {""$in"": {{keywords}}}}},\r\n    {\r\n        ""$project"": {\r\n            ""_id"": 0,\r\n            ""url"": ""$result.url"",\r\n            ""post_id"": ""$result.post_id"",\r\n            ""title"": ""$result.title"",\r\n            ""content"": ""$result.content"",\r\n            ""date_posted"": {\r\n                ""$cond"": {\r\n                    ""if"": {\r\n                        ""$or"": [\r\n                            {""$eq"": [""$result.date_posted"", null]},\r\n                            {""$eq"": [""$result.date_posted"", """"]}\r\n                        ]\r\n                    },\r\n                    ""then"": null,\r\n                    ""else"": {\r\n                        ""$dateToString"": {\r\n                            ""format"": ""%Y-%m-%d %H:%M:%S"",\r\n                            ""date"": {\r\n                                ""$toDate"": ""$result.date_posted""\r\n                            }\r\n                        }\r\n                    }\r\n                }\r\n            },\r\n            ""user_name"": ""$result.user_name"",\r\n            ""user_url"": ""$result.user_url"",\r\n            ""user_id"": ""$result.user_id"",\r\n            ""followers"": ""$result.followers"",\r\n            ""likes"": ""$result.likes"",\r\n            ""attached_files"": ""$result.attached_files"",\r\n            ""image_video_url"": ""$result.image_video_url"",\r\n            ""video_length"": ""$result.video_length"",\r\n            ""hashtags"": {\r\n                ""$reduce"": {\r\n                    ""input"": ""$result.hashtags"",\r\n                    ""initialValue"": """",\r\n                    ""in"": {\r\n                        ""$concat"": [\r\n                            ""$$value"",\r\n                            {""$cond"": [{""$eq"": [""$$value"", """"]}, """", "" ""]},\r\n                            ""#"",\r\n                            ""$$this""\r\n                        ]\r\n                    }\r\n                }\r\n            },\r\n            ""post_type"": ""$result.post_type"",\r\n            ""comments_num"": ""$result.comments_num"",\r\n            ""input_url"": ""$result.input.url"",\r\n            ""discovery_url"": ""$result.discovery_input.url"",\r\n            ""timestamp"": {\r\n                ""$cond"": {\r\n                    ""if"": {\r\n                        ""$or"": [\r\n                            {""$eq"": [""$result.timestamp"", null]},\r\n                            {""$eq"": [""$result.timestamp"", """"]}\r\n                        ]\r\n                    },\r\n                    ""then"": null,\r\n                    ""else"": {\r\n                        ""$dateToString"": {\r\n                            ""format"": ""%Y-%m-%d %H:%M:%S"",\r\n                            ""date"": {\r\n                                ""$toDate"": ""$result.timestamp""\r\n                            }\r\n                        }\r\n                    }\r\n                }\r\n            }\r\n        }\r\n    }\r\n]",
68ff3f162bfced0310b53f10,卖家精灵的全站品牌销售额数据,brand,ScrapingMjjlDispatcherByBrandAllStation,ScrapingMjjlDispatcherByBrandAllStation,ScrapingMjjlList,,,
68ff3f172bfced0310b53f11,卖家精灵的全站关键词销售额数据,keyword,ScrapingMjjlDispatcherByKeywordAllStation,ScrapingMjjlDispatcherByKeywordAllStation,ScrapingMjjlList,,,
6943f1526c26b620a7e66ff8,TikTok 用户发布的视频数据,url,ScrapingTikTokUserProfileProject,ScrapingTikTokUserProfileProject,,,"[\n    {\n        ""$match"": {""result.input_url"": {""$in"":{{keywords}}}}\n    },\n    {\n        ""$project"": {\n            ""_id"": 0,\n            ""任务ID"": ""$result.task_id"",\n            ""原始链接"": ""$result.input_url"",\n            ""用户名"": ""$result.author_username"",\n            ""作者昵称"": ""$result.author_nickname"",\n            ""作者粉丝数"": ""$result.author_followers"",\n            ""视频描述"": ""$result.video_desc"",\n            ""视频链接"": ""$result.video_url"",\n            ""点赞数"": ""$result.stats_digg"",\n            ""播放数"": ""$result.stats_play"",\n            ""发布时间"": ""$result.create_time"",\n            ""抓取时间"": ""$result.crawled_at""\n        }\n    }\n]",1734567890000
